case	written	immediate_norm	immediate_text	surface_norm	surface_text
550a_step_0	0.0	0.0	-12 dB 	0.0	-12 dB 
550a_step_1	0.1	0.100000001490116	-9 dB 	0.100000001490116	-9 dB 
550a_step_2	0.2	0.200000002980232	-6 dB 	0.200000002980232	-6 dB 
550a_step_3	0.3	0.300000011920929	-4 dB 	0.300000011920929	-4 dB 
550a_step_4	0.4	0.400000005960464	-2 dB 	0.400000005960464	-2 dB 
550a_step_5	0.5	0.5	0 dB 	0.5	0 dB 
550a_step_6	0.6	0.600000023841858	+2 dB 	0.600000023841858	+2 dB 
550a_step_7	0.7	0.699999988079071	+4 dB 	0.699999988079071	+4 dB 
550a_step_8	0.8	0.800000011920929	+6 dB 	0.800000011920929	+6 dB 
550a_step_9	0.9	0.900000035762787	+9 dB 	0.900000035762787	+9 dB 
550a_step_10	1.0	1.0	+12 dB 	1.0	+12 dB 
550a_offgrid_0417	0.4166666666666667	0.400000005960464	-2 dB 	0.400000005960464	-2 dB 
550a_offgrid_045	0.45	0.400000005960464	-2 dB 	0.400000005960464	-2 dB 
550a_offgrid_0583	0.5833333333333334	0.600000023841858	+2 dB 	0.600000023841858	+2 dB 
550a_ongrid_04	0.4	0.400000005960464	-2 dB 	0.400000005960464	-2 dB 
q3_cont_0417	0.4166666666666667	0.416666656732559	-3.0 dB	0.416666656732559	-3.0 dB
q3_cont_045	0.45	0.449999988079071	-1.8 dB	0.449999988079071	-1.8 dB
